{
  "computed_at_utc": "2026-05-04T06:37:40.923307+00:00",
  "holdout_n": 979,
  "n_bootstrap": 1000,
  "seed": 20260504,
  "log_loss_delta_vs_market": {
    "point_estimate": 0.0004632653624716543,
    "bootstrap_mean": 0.0004998812985636713,
    "ci_95_lo": -0.0024002558846445143,
    "ci_95_hi": 0.0036021827413473977,
    "interpretation": "Positive delta means model improves over the anchor-only market baseline. CI lower bound > 0 supports 'model adds signal' claim."
  },
  "ece": {
    "point_estimate": 0.02520547863362901,
    "bootstrap_mean": 0.03449949463986792,
    "ci_95_lo": 0.013430242016807184,
    "ci_95_hi": 0.05892073838389338,
    "target": 0.04,
    "interpretation": "Sample-weighted absolute calibration error across 10 bins. Target <= 0.04. CI upper bound under target supports 'reliably calibrated' claim."
  },
  "roi_bootstrap_per_ev_threshold": {
    "+1pct": {
      "n_picks": 761,
      "roi_unit_mean": 0.09367895020855216,
      "roi_ci_lower": 0.013879614726342648,
      "roi_ci_upper": 0.17189213226152192
    },
    "+2pct": {
      "n_picks": 572,
      "roi_unit_mean": 0.10444544247719392,
      "roi_ci_lower": 0.01029373887115492,
      "roi_ci_upper": 0.1929311147453728
    },
    "+3pct": {
      "n_picks": 426,
      "roi_unit_mean": 0.07205213764005546,
      "roi_ci_lower": -0.03914797026257385,
      "roi_ci_upper": 0.18478297760805285
    }
  },
  "clv_note": "CLV is identically 0 for v0 by construction: training source = closing source = DK+FD via The Odds API at T-60. Independent CLV grading enters once the live cron captures closing snaps a few minutes apart from the model's anchor pin. Bootstrap CI on a constant-zero series is degenerate (mean=0, CI=(0,0)).",
  "default_ev_threshold_summary": {
    "threshold": 0.02,
    "n_picks": 572,
    "roi_unit_mean": 0.10444544247719392,
    "roi_ci_lower": 0.01029373887115492,
    "sub_300_rule_pass": true,
    "sub_300_rule_applies": false
  },
  "block_bootstrap_log_loss_delta_sensitivity": [
    {
      "block_size_days": 5,
      "mean": 0.0004492751376273648,
      "ci_95_lo": -0.001989442186106166,
      "ci_95_hi": 0.002832354536014034,
      "binding": false
    },
    {
      "block_size_days": 7,
      "mean": 0.00045366500622262806,
      "ci_95_lo": -0.0019929202494855885,
      "ci_95_hi": 0.00305307408205282,
      "binding": true
    },
    {
      "block_size_days": 10,
      "mean": 0.0003649064522221074,
      "ci_95_lo": -0.0017711819896160884,
      "ci_95_hi": 0.002305324385063526,
      "binding": false
    }
  ],
  "block_bootstrap_binding_method": "7-day-block per CEng/CSO verdict 2026-05-04 (docs/proposals/moneyline-v0-validation-2026-05-04-verdict-{ceng,cso}.md). i.i.d. retained for backward compat."
}